<?xml version="1.0" encoding="utf-8"?>
<!DOCTYPE article PUBLIC "-//NLM//DTD JATS (Z39.96) Journal Archiving
and Interchange DTD v1.2 20190208//EN" "JATS-archivearticle1.dtd">
<article xmlns:mml="http://www.w3.org/1998/Math/MathML" xmlns:xlink="http://www.w3.org/1999/xlink" dtd-version="1.2" article-type="other">
  <front>
    <article-meta>
      <title-group>
        <article-title>Peak Climbing Club New Members Survey</article-title>
      </title-group>
      <contrib-group>
        <contrib contrib-type="author" corresp="yes">
          <name>
            <surname>Shephard</surname>
            <given-names>Neil</given-names>
          </name>
          <string-name>Neil Shephard</string-name>
          <role>New</role>
          <role/>
          <role>Member</role>
          <role/>
          <role>Representative</role>
          <xref ref-type="aff" rid="aff-1">a</xref>
          <xref ref-type="corresp" rid="cor-1">*</xref>
        </contrib>
      </contrib-group>
      <aff id="aff-1">
        <institution-wrap>
          <institution>Peak Climbing Club</institution>
        </institution-wrap>
      </aff>
      <author-notes>
        <corresp id="cor-1"/>
      </author-notes>
      <history/>
    </article-meta>
  </front>
  <body>
    <sec id="overview">
      <title>Overview</title>
      <p>The
  <ext-link ext-link-type="uri" xlink:href="https://www.peakclimbingclub.co.uk/">Peak
  Climbing Club</ext-link> has conducted a
  <ext-link ext-link-type="uri" xlink:href="https://forms.gle/f5JWtnwqUiwh1hgg7">survey</ext-link>
  to review the current joining procedure to see if there are any
  improvements that can be made to the process.</p>
    </sec>
    <sec id="responses">
      <title>Responses</title>
      <sec id="how-did-you-find-out-about-the-club">
        <title>How did you find out about the club?</title>
      </sec>
      <sec id="how-easy-was-it-to-find-information-on-joining-the-peak-climbing-club">
        <title>How easy was it to find information on joining the Peak
    Climbing Club?</title>
      </sec>
      <sec id="as-a-prospectivenew-member-how-easy-was-it-for-you-to-find-information-on-where-and-when-the-club-was-meeting">
        <title>As a prospective/new member how easy was it for you to find
    information on where and when the club was meeting?</title>
      </sec>
      <sec id="on-the-meets-you-attended-at-indoor-walls-how-easy-was-it-to-find-members-of-the-peak-climbing-club">
        <title>On the meets you attended at indoor walls how easy was it to
    find members of the Peak Climbing Club?</title>
      </sec>
      <sec id="on-the-meets-you-attended-at-indoor-walls-how-easy-was-it-to-find-someone-to-climb-with">
        <title>On the meets you attended at indoor walls how easy was it to
    find someone to climb with?</title>
      </sec>
      <sec id="on-the-meets-you-attended-at-outdoor-crags-how-easy-was-it-to-find-members-of-the-peak-climbing-club">
        <title>On the meets you attended at outdoor crags how easy was it to
    find members of the Peak Climbing Club?</title>
      </sec>
      <sec id="on-the-meets-you-attended-at-outdoor-crags-how-easy-was-it-find-someone-to-climb-with-at-outdoor-crags">
        <title>On the meets you attended at outdoor crags how easy was it
    find someone to climb with at outdoor crags?</title>
      </sec>
      <sec id="if-you-found-it-hard-to-find-someone-to-climb-with-either-indoors-or-at-the-crag-do-you-have-any-suggestions-as-to-how-we-might-improve-this">
        <title>If you found it hard to find someone to climb with either
    indoors or at the crag do you have any suggestions as to how we
    might improve this?</title>
      </sec>
      <sec id="did-you-decide-to-join-the-peak-climbing-club">
        <title>Did you decide to join the Peak Climbing Club?</title>
      </sec>
      <sec id="do-you-have-any-feedback-about-how-the-club-could-improve-the-joining-process">
        <title>Do you have any feedback about how the club could improve the
    joining process?</title>
      </sec>
      <sec id="is-there-anything-else-you-would-like-to-share-with-us-about-the-process-of-joining-the-peak-climbing-club">
        <title>Is there anything else you would like to share with us about
    the process of joining the Peak Climbing Club?</title>
      </sec>
    </sec>
  </body>
  <back>
</back>
</article>
